{"cameraMode":{"drawMode":0,"name":"Shaded","section":"Shading Mode"},"sceneLighting":true,"audioPlay":false,"sceneViewState":{"m_AlwaysRefresh":false,"showFog":true,"showSkybox":true,"showFlares":true,"showImageEffects":true,"showParticleSystems":true,"showVisualEffectGraphs":true,"m_FxEnabled":true},"in2DMode":false,"pivot":{"x":40.653160095214847,"y":16.076967239379884,"z":24.944833755493165},"rotation":{"x":0.5975138545036316,"y":0.21787969768047334,"z":-0.1731172651052475,"w":0.7520334720611572},"size":43.82871627807617,"orthographic":true}